기업,0
체결,0
솔루션,0
시스템,0
기술,0
서비스,0
개발,0
협약,0
사업,0
플랫폼,0
출시,0
개최,0
정보,0
산업,0
창업,0
업무,0
글로벌,0
스마트,0
수상,0
테크,0
개최,1
디자인,1
문화,1
협회,1
선정,1
기업,1
산업,1
오픈,1
교육,1
미용,1
지원,1
건축,1
체결,1
활용,1
마케팅,1
법인,1
중소기업,1
출판,1
회장,1
기술,1
기업,2
대상,2
브랜드,2
전문,2
출시,2
체결,2
개최,2
지원,2
기술,2
협약,2
사업,2
신설,2
별세,2
쇼핑몰,2
시장,2
통신,2
사회,2
전기,2
법인,2
청년,2
건설,3
신설,3
법인,3
기술,3
엔씨,3
수상,3
디자인,3
기업,3
협회,3
테크,3
발전,3
기금,3
전달,3
시공,3
성금,3
품질,3
도회,3
공간,3
성우,3
표창,3
기술,4
기업,4
드라이기,4
개발,4
전문,4
스마트,4
세계,4
케이,4
업체,4
산업,4
테크,4
헤어,4
혁신,4
시스템,4
개최,4
협약,4
대포,4
멕스,4
글로벌,4
수출,4
맛집,5
달인,5
홍대,5
참치,5
커피,5
카페,5
결혼,5
열애,5
결실,5
파스타,5
새우,5
프랜차이즈,5
가맹,5
브랜드,5
동네,5
가게,5
식당,5
역사,5
주물,5
키친,5
