,0,1,2,3
0,2020.09.26. 오후 5:18,"에이스, '음악중심' 매혹적인 무대…K팝 이끌 글로벌 에이스 ","[이데일리 스타in 김가영 기자] 보이그룹 A.C.E(에이스)가 신곡 ‘도깨비(Favorite Boys)’로 매혹적인 무대를 완성했다.

이미지 원본보기
에이스(사진=MBC)
26일 오후 방송된 MBC ‘쇼 음악중심’에 출연한 에이스는 신곡 ‘도깨비(Favorite Boys)’의 무대를 꾸몄다. 에이스는 흰 한복 위 멤버들의 개성에 맞춘 다채로운 컬러의 두루마기로 한국적인 멋을 연출했고 ‘도깨비(Favorite Boys)’의 강렬한 사운드에 맞춘 칼군무 퍼포먼스와 중독적인 사운드로 이목을 집중시켰다.

네 번째 미니앨범 ‘호접지몽’의 타이틀곡인 ‘도깨비(Favorite Boys)’는 강렬한 신스 사운드와 레트로 하우스가 결합된 곡이다. 감정을 마음껏 표출할 수 없는 현실에서 대중들이 원하는 단 하나의 이상형으로 다시 태어나겠다는 메시지를 담았다. 에이스는 ‘도깨비(Favorite Boys)’를 통해 자신들만의 ‘한국적 판타지’와 현대적 퍼포먼스를 조화롭게 녹여내며 국내외에서 돌풍을 일으키고 있다.

한편 이날 ‘음악중심’에는 에이스(A.C.E)를 비롯해 더보이즈, 에버글로우, Stray Kids, 유아(오마이걸), 문빈&산하(ASTRO), TREASURE 등이 출연했다.

김가영 (kky1209@edaily.co.kr)

▶ #24시간 빠른 #미리보는 뉴스 #궁금하냥? 바로오시개!
▶ 네이버에서 '이데일리 뉴스'를 만나보세요
▶ 빡침해소, 청춘뉘우스 '스냅타임'


＜ⓒ함께 만들고 함께 즐기는 엔터테인먼트 포털 스타in - 무단전재 & 재배포 금지＞",https://entertain.naver.com/read?oid=018&aid=0004747118
1,2010.09.01. 오후 09:25,양궁 임동현 `글로벌 에이스' 재확인,"양궁 국가대표 선발전 (원주=연합뉴스) 김영인 기자 = 14일 강원 원주의 양궁장에서 열린 국가대표 최종 선발전에서 남자부 임동현(청주시청.오른쪽)ㆍ오진혁(농수산홈쇼핑) 선수가 시위를 당기고 있다. 2010.5.14 kimyi@yna.co.kr

악천후 뚫고 정신력 발휘..기록 기근에 단비

(서울=연합뉴스) 장재은 기자 = 한국 양궁의 대들보 임동현(24.청주시청)이 명실상부한 `글로벌 에이스'로서 입지를 재확인했다.

1일 중국 상하이에서 개막한 국제양궁연맹(FITA) 4차 월드컵 예선라운드(70ｍ 72발)에서 691점을 쏘아 세계기록을 갈아치운 것.

종전 세계기록은 687점으로 이 또한 자신이 18세 고교생으로 출전했던 2004년 아테네올림픽에서 이룬 성과였다.

임동현은 이번 개인 72발 기록을 포함해 단체 72×3발, 단체 144×3발, 단체 본선 24발 등 세계기록 4개를 보유하고 있다.

그의 세계기록 경신은 올해 들어 남녀 리커브를 통틀어 처음이다. 세계 최고의 궁사에 걸맞게 기록 기근에 시달리던 세계 양궁계에 단비를 내렸다는 점이 높이 평가된다.

FITA가 개인전 본선에 세트제를 도입하는 등 기록경쟁보다는 맞대결 흥미에 무게를 두고 기록이 꾸준히 향상돼 더는 신기록이 들어설 여지가 거의 없는 상황에서 나온 성과라서 더 값지다.

대한양궁협회는 임동현이 이제는 전성기에 들어선 것으로 보고 있다.

임동현은 지난달 미국 월드컵 단체전에서는 3명 가운데 첫 발을 쏘는 에이스 역할을 맡았다. 고도의 기량과 안정된 심리를 유지하며 동료를 리드하는 자리다.

이날 경기에서는 비가 강하게 내렸고 72발 가운데 60발을 쏘고 나서는 폭우 때문에 경기가 잠시 중단되기도 했지만 임동현은 흔들림이 없었다.

그는 경기가 끝나고 난 뒤 지쳐서 숙소에서 바로 누워버렸다.

대표팀으로서는 임동현이 악조건을 딛고 기록 수립으로 시위함에 따라 종전 에이스 박경모의 공백을 거뜬히 메울 수 있을 것이라는 안도감도 갖게 됐다.

임동현은 오는 11월 중국 광저우 아시안게임에서 개인전과 단체전을 석권하겠다는 목표가 있다.

이번 월드컵은 중국에서 열리기 때문에 현지 텃세를 뚫고 기선을 제압한다는 의미가 있다. 그만큼 임동현의 기록 경신은 대표팀 전체의 사기를 북돋는 활력소도 될 것으로 예상된다.

임동현은 ""잘 쏘고 잘 맞아서 좋았지만 기록은 기록이고 금메달은 금메달이니까 좋아하기는 이르다""며 ""아직 예선만 끝났을 뿐이고 대회를 마치고서는 아시안게임도 남아있다""고 신중함을 유지했다.

jangje@yna.co.kr

[관련기사]

▶ 양궁 임동현, 세계신기록 쐈다

▶ -양궁월드컵- 기보배 `1위와 동점' 예선 2위

▶ 태극궁사 `중국 텃세' 미리 뚫는다

▶ -청소년올림픽- 싱가포르 대축제, 성공리에 폐막

▶ <청소년올림픽 결산> ①가능성 보인 청소년 대축제

<뉴스의 새 시대, 연합뉴스 Live> <모바일 애플리케이션> <포토 매거진>

<저작권자(c)연합뉴스. 무단전재-재배포금지.>

기사제공 연합뉴스
장재은 기자
Copyright ⓒ 연합뉴스. All rights reserved. 무단 전재 및 재배포 금지.
기사 섹션 분류 가이드",https://sports.news.naver.com/news.nhn?oid=001&aid=0004635140
2,2019.03.25. 오후 05:18,"[K직장인리그] 훈련의 중요성을 깨달은 GS글로벌, 원 팀으로 거듭나다","개인이 아닌 원 팀으로 뭉쳤다. 장점을 극대화하고 단점을 서로 메워주었다. 그동안 그들에게 원했던 부분이 비로소 나타났다.

GS글로벌은 24일 서울 관악고등학교 체육관에서 열린 STIZ배 2018 The K직장인농구리그(www.kbasket.kr) 3차대회 디비전 2 A조 예선에서 에이스 최원영(31점 13리바운드 6어시스트), 정윤철(16점 5어시스트, 3점슛 2개), 박우현(11점 9리바운드 6어시스트 4스틸) 등 고른 활약에 힘입어 KB국민은행을 78-68로 꺾고 디비전 2 첫 승리를 신고했다.

이날 GS글로벌 승리는 다른 때보다 의미가 더욱 깊었다. 겨우내 체육관을 대관하는 데 성공, 조직력을 가다듬는 데 집중했다. 지난 3일 삼성SDS A와 첫 경기에서 그간 다져왔던 실력을 보여주며 간담을 서늘케 했다.

에이스 최원영이 득점에 치중하기보다 동료들을 활용하는 데 집중하며 다재다능한 모습을 보여주었다. 이날 어시스트 6개는 개인 최다기록으로 남을 정도. 정윤철이 모처럼만에 안정적인 모습을 보여준 가운데, 박우현이 뒤를 든든하게 받쳤다. 이승곤(7점 14리바운드)은 문준(5점 8리바운드)과 함께 골밑을 든든하게 지켜주었고, 김시환(6점 3리바운드 3스틸)이 2017년 5월 14일 KB국민은행과 경기 이후 약 1년 10개월여만에 출전하여 동료들 뒤를 든든하게 받쳤다. 김부겸도 벤치에서 출격, 몸을 사리지 않는 모습을 보여주며 팀원들에게 힘이 되어주었다.

KB국민은행은 주득점원 박준현 결장 속에 이정현(8리바운드, 3+1점슛 2개)이 지난 경기에 이어 다시 한 번 30점을 올려 물오른 득점력을 뽐냈다. 노장 송성섭(15점), 최동오(3점 5어시스트)가 뒤를 받친 가운데, 이충랑(12점 6리바운드 5어시스트, 3점슛 2개)이 폭넓은 활동량을 보여주었다. 이세헌이 몸을 아끼지 않는 플레이를 보여준 가운데, 이병기(8점 3리바운드), 박대영이 힘을 보탰다. 하지만, 경기 내내 이어진 GS글로벌 파상공세를 당해내지 못한 채 첫 승 기회를 다음으로 미뤄야 했다.

KB국민은행은 경기 시작 직전까지 5명에 불과, 선수운용에 애를 먹었다. 하지만, 노장들이 보여준 관록에 GS글로벌 선수들 모두 놀라움을 금치 못했다. 송성섭이 1쿼터에만 9점을 몰아치며 팀 공격을 이끌었고, 이정현, 이충랑, 최동오가 뒤를 받쳤다. 맏형이 활발한 움직임을 보여준 덕에 패스워크가 덩달아 살아났다. 이세헌은 득점 대신 궂은일에 집중하며 팀원들 활약을 도왔다.

GS글로벌도 가만히 보고 있지 않았다. 최원영을 필두로 정윤철이 적극 공격에 나섰다. 3점슛을 성공시키는가 하면, 속공을 진두지휘하며 1쿼터 9점을 몰아쳤다. 최원영 역시 공수에서 중심을 든든하게 잡아주었고, 박우현, 김시환이 외곽에서 이들을 뒷받침했다. 문준, 이승곤 대신 코트에 먼저 나선 김부겸도 몸을 사리지 않는 모습을 보여주며 동료들에게 힘을 실어주었다.

2쿼터 들어 GS글로벌이 팽팽했던 줄을 잡아당겼다. 정윤철이 3점슛을 꽃아넣은 것을 시작으로 이승곤이 골밑에서 연달아 점수를 올렸다. 최원영에게 휴식을 주는 대신, 문준, 박우현까지 공격에 적극 가담, KB국민은행 수비진을 흔들었다. 김시환, 박우현은 몸을 사리지 않는 플레이를 보여주며 동료들 뒤를 받쳤다.

KB국민은행은 1쿼터 후반에 도착한 박대영을 투입, 송성섭에게 휴식을 주었다. 대신 이정현, 이충랑을 필두로 GS글로벌 공세에 맞섰다. 둘은 2쿼터 8점을 합작하며 팀 공격을 이끌었다. 하지만, 동료들 지원이 없던 탓에 이정현, 이충랑 둘 힘만으로는 역부족이었다. GS글로벌은 최원영을 투입, 거세게 몰아붙이며 38-28로 점수차를 벌렸다.

후반 들어 KB국민은행이 반격을 개시했다. 이정현이 3+1점슛을 꽃아넣는 등, 내외곽을 종횡무진 휘저으며 3쿼터 11점을 몰아넣었다. 송성섭이 이정현을 도와 득점에 가담했고, 이충랑, 박대영이 궂은일을 마다하지 않았다. 여기에 3쿼터 중반 경기장에 도착한 이병기까지 나서 힘을 보탰다.

GS글로벌 역시 애써 잡은 분위기를 놓지 않았다. 최원영이 골밑을 적극적으로 파고들었고, 김시환이 중거리슛을 꽃아넣었다. 무엇보다 최원영이 돌파 후 동료들이 빈 곳에 자리한 것을 확인 후 패스를 내주는 모습이었다. GS글로벌이 최원영에 대한 의존도를 어느 정도 덜어낸 모습이었다. 이승곤, 문준도 골밑을 든든히 지켜내며 동료들 어깨를 가볍게 했다.

4쿼터 들어 득점쟁탈전이 벌어졌다. GS글로벌은 최원영을 필두로 박우현, 이승곤, 문준, 김부겸이 점수를 올리며 KB국민은행 수비를 흔들었다. 최원영은 4쿼터에만 14점을 몰아치는 놀라운 집중력을 과시했다. 박우현도 3점슛을 적중시켜 외곽에서 힘을 보탰다. 여기에 이승곤, 문준이 골밑에서 득점에 가담하여 팀원들 활약을 뒷받침했다.

KB국민은행도 가만히 보고 있지 않았다. 이충랑이 3점슛을 연달아 꽃아넣으며 추격에 신호탄을 쏘아올렸다. 이어 이병기가 골밑을, 이정현이 3+1점슛을 적중시켜 점수차를 좁혔다. GS글로벌은 최원영, 문준에 이어 박우현이 속공을 성공시켜 68-57로 차이를 벌렸다. KB국민은행은 이정현을 앞세워 재차 추격에 나섰지만, 연이은 실책에 발목이 잡혔다.

GS글로벌에게도 고비가 찾아왔다. 이승곤과 함께 골밑을 지켜내던 문준이 4쿼터 중반 5개째 파울을 범하여 코트를 떠난 것. 대신 김부겸이 문준 공백을 메우며 득점에 가담했다. 여기에 최원영, 이승곤이 연이어 점수를 올렸다. KB국민은행은 이정현, 송성섭을 앞세워 재차 추격을 감행했으나 둘 힘만으로는 여의치 않았다. 승기를 잡은 GS글로벌은 최원영이 속공을 성공시켜 승부에 쐐기를 박았다.



 

GS글로벌은 이날 경기에서 승리 이상 의미를 부여했다. 개인기량에 의존한 것이 아닌 철저한 팀플레이를 선보인 것. 겨우내 정기운동을 시작한 이후, 두 경기에서 놀라울 정도로 달라졌다. 패스에 인색했던 선수들이 철저히 공을 돌려가며 득점을 올리기를 반복했다. 이승곤, 문준 슛 성공률도 갈수록 높아진 상황. 향후 출석률을 더 높일 수 있다면 디비전 2에서 경쟁력을 발휘할 수 있을 것이다.

KB국민은행은 이정현을 앞세워 추격을 감행했으나 체력 저하로 인하여 다시 한 번 고베를 마셨다. 이충랑, 박대영 등 젊은 선수들이 노장들과 함께하며 세대교감을 꾀하고 있는 상황. 신병기, 유상현이 꾸준하게 출전할 수 있다면 공 흐름이 원활하게 이루어질 수 있다. 이정현, 이병기 트읜타워가 위력을 발휘하기 위해선 패스에 대한 효율성을 극대화하여야 한다. 



 

한편, 이 경기 STIZ(www.stiz.kr) 핫 플레이어에는 팀 내 최다인 31점을 몰아치며 승리에 주춧돌을 놓은 GS글로벌 에이스 최원영이 선정되었다. 그는 “오늘 승리는 다른 경기보다도 더 기쁘다. 개인능력이 아닌 조직력을 바탕으로 하여 팀플레이가 잘 되었다. 원하는 대로 경기를 풀어나갈 수 있었다”고 남다른 의미를 부여했다.

GS글로벌은 이날 경기에서 철저한 팀플레이를 바탕으로 득점을 올리기를 반복했다. 찬스를 맞았을 때 주저없이 슛을 던졌다. 2월부터 체육관을 정기적으로 대관하여 꾸준한 훈련을 한 덕이다. 이에 “우리 팀 선수들이 개인기는 정말 좋은데 거기에만 신경을 쓰는 경향이 있었다. 접전 상황에서 흥분하여 개인플레이를 많이 했다. 지금부터라도 조직적으로 플레이를 하자고 동료들과 같이 이야기했다. 빅맨들이 스크린 후 핸드오프패스를 통하여 공을 주고받는 등 움직이면서 하자고 했다”며 “팀원들도 공을 받고 슛을 던지는 과정이 너무 좋아졌다. 움직이면서 잡으니까 커트-인 플레이가 많이 나와서 쉽게 득점을 할 수 있게 되었다. 나 역시 지난대회까지는 자유투를 너무 못 넣었다. 그래서 훈련을 많이 했다. 오늘 경기에서 훈련한 결과가 나온 것 같다(웃음)”고 비결을 전했다.

특히, 수비에서 토킹을 적극적으로 하여 빈틈을 주지 않았다. 이에 대해 “더 늘어야 한다. 다른 팀들에 비하여 사이즈는 밀리지 않기에 이 부분에서 우위를 점하고자 했다”며 “아직 많이 부족하다. 더 해야 한다. 키는 큰데 순발력이 떨어져서 고민이다. 팀에 가장 맞는 수비를 찾는 과정이다”고 만족하지 않는 모습이었다.

이날 최원영은 팀 내 최다인 31점을 몰아치며 선봉장 역할을 자처했다. 여기에 어시스트 6개를 곁들이며 동료들을 활용했다. 예전보다 덜하지만 팀 내에서 최원영에 대한 의존도가 높은 상황. 이에 “줄여야 한다. 동료들 모두 실력이 있는 만큼, 공 없는 움직임을 잘 한다면 자연스럽게 득점을 많이 할 수 있다. 그리고 레이업 하나를 던지더라도 신중하게 올려놓아야 한다고 강조한다. 더하여 개인훈련을 더 많이 했으면 좋겠다”고 말했다.

GS글로벌은 이번 대회를 계기로 개인에서 원 팀으로 거듭나는 과정을 맞고 있다. 주장으로서 “2월부터 한 달에 두 번 정기훈련을 진행한다. 승패에 연연하기보다 재미있게 운동하는 것이 목표다. 상대를 압도할 수 있을 때까지 수비를 더 잘하고 싶다”고 희망을 전했다.



 



 


 



 


 

  2019-03-25   권민현(gngnt2002@hanmail.net)

저작권자 ⓒ 점프볼. 무단 전재-재배포 금지
기사제공 점프볼
권민현(gngnt2002@hanmail.net)
현장에서 작성된 기사입니다.
Copyright ⓒ 점프볼. All rights reserved. 무단 전재 및 재배포 금지.
기사 섹션 분류 가이드",https://sports.news.naver.com/news.nhn?oid=065&aid=0000179004
3,2018.12.16. 오후 01:35,"[K직장인리그] GS글로벌, 모두가 함께하는 의미를 깨닫다","아쉬움 속에서 희망을 찾았다. 승리가 절실히 필요했기에 모두 하나가 되었고, 원하는 것을 이루어냈다.

GS글로벌은 15일 서울 관악고등학교 체육관에서 열린 STIZ배 2018 The K직장인농구리그(www.kbasket.kr) 3차대회 디비전 3 A조 예선전에서 에이스 최원영이 23점 10리바운드 3스틸을 기록하며 팀을 이끈 가운데 문준(12점 5리바운드), 정윤철(10점, 3점슛 2개)이 내외곽에서 뒤를 받쳐준 활약에 힘입어 삼성 바이오에피스를 57-45로 꺾었다.

승리가 그 어느 때보다도 필요했다. 이전 경기에서 마지막 관문을 넘지 못해 고베를 마셔야했던 GS글로벌 선수들에게 할 수 있다는 자신감을 심어주었다. 최원영이 내외곽을 넘나들며 팀원들을 진두지휘한 가운데, 문준, 이승곤(2점 5리바운드)이 골밑에서, 정윤철, 박우현(8점 4리바운드 3스틸)이 외곽에서 중심을 잡아주었다. 김부겸도 고비 때마다 득점을 올리고 궂은일에 집중하며 동료들 활약을 뒷받침했다. 여기에 마지막 고비까지 넘어서며 단단함까지 과시했다.

삼성 바이오에피스는 에이스 김동규가 26점 3리바운드를 기록, 맹활약했다. 권준건(8점 3어시스트), 류종현(8점 7리바운드 6어시스트)이 4쿼터 11점을 합작하며 선봉장 역할을 자처했다. 이창형(11리바운드 4스틸)은 이번 대회에 처음 모습을 보인 임준혁(3점 15리바운드)과 함께 골밑을 든든히 지켰다. 하지만, 교체선수 없이 경기를 소화해야 했기에 체력적으로 부침을 드러내며 연승 기회를 놓쳤다. 개인사정으로 인해 결장한 슈터 유승엽 공백이 치명적이었다.

승리를 향한 열망이 그 어느 때보다 강했던 GS글로벌. 에이스 최원영은 초반부터 득점포를 가동하여 삼성 바이오에피스 수비진을 공략, 1쿼터 7점을 몰아치며 선봉장 역할을 자처했다. 문준, 박우현, 김부겸이 궂은일에 집중한 가운데, 정윤철이 돌파능력을 앞세워 최원영 뒤를 받쳤다. 문준이 1쿼터 중반 3파울에 걸리며 수비에서 소극적일 수밖에 없었지만, 박우현, 김부겸에 1쿼터 후반 경기장에 도착한 이승곤이 이를 잘 메워주었다.

삼성 바이오에피스도 가만히 보고 있지 않았다. 팀을 대표하는 에이스 김동규가 1쿼터 8점을 올리며 팀 공격을 이끌었다. 임준혁, 이창형이 골밑을 든든히 지켜준 가운데, 권준건, 류동현이 김동규 뒤를 받쳤다. 하지만, 김동규 외에 득점이 이루어지지 않아 김동규에게만 쏠릴 수밖에 없었다.

2쿼터 들어서도 상황은 크게 다르지 않았다. 삼성 바이오에피스는 김동규를 중심으로 류동현이 적극적으로 돌파를 시도, 점수를 올렸다. 둘은 2쿼터 팀이 올린 9점을 모두 만들어내며 공격을 이끌었다. 임준혁, 권준건이 2쿼터 중반 나란히 3개째 파울을 범하며 위축되었지만, 이창형이 적극적으로 궂은일에 집중하며 이들 부진을 만회했다.

GS글로벌도 삼성 바이오에피스와 비슷한 상황이었다. 다른 점은 이승곤이 경기장에 나옴으로써 선수운영에 한결 숨통이 트였다는 것이다. 여기에 정윤철, 문준이 내외곽에서 에이스 최원영 뒤를 받치며 공격범위를 넓혔다. 정윤철 외곽슛이 살아나기 시작한 것도 호재였다. 이들 활약에 최원영도 어깨에 짊어진 부담을 덜어내며 삼성 바이오에피스 수비진을 마음껏 괴롭혔다.

후반 들어 GS글로벌이 분위기를 잡았다. 최원영 대신 문준이 삼성 바이오에피스 골밑을 적극 공략했다. 교체선수층이 여유롭지 않았음에도 파울을 최소화하면서 상대 공세를 견뎌냈다. 최원영이 적극적으로 공격리바운드에 가담하였고, 정윤철은 다시 한 번 3점슛을 꽃아넣는 등 외곽에서 힘을 보탰다. 박우현, 김부겸이 득점에 적극 가담한 사이, 이승곤은 궂은일에 집중하며 팀원들 활약을 뒷받침했다.

삼성 바이오에피스도 GS글로벌 기세에 정면으로 맞섰다. 김동규가 내외곽에서 득점을 올리며 선봉장 역할을 자처했다. 하지만, 김동규 혼자 힘만으로는 역부족이었다. 임준혁, 권준건이 파울에 대한 부담을 이겨내지 못했고, 이창형도 GS글로벌 에이스 최원영을 전담마크하기에도 바빴다. 류동현 역시 돌파를 적극 시도했으나 GS글로벌 수비에 막혀 좀처럼 득점을 올리지 못했다. 분위기를 선점한 GS글로벌은 문준이 골밑에서, 정윤철이 3점슛을 적중시켜 3쿼터 후반 38-23까지 차이를 벌려 최원영에게 휴식을 주는 여유를 보여주었다.

4쿼터 들어 삼성 바이오에피스가 추격에 나섰다. 류동현이 김동규를 대신해 선봉장 역할을 자처했다. 리바운드에 적극 가담함과 동시에 동료들 움직임에 맞추어 절묘한 패스를 건넸다. 여기에 파울 부담을 이겨낸 권준건이 중거리, 골밑을 넘나들며 득점에 적극 가담했다. 이창형, 임준혁이 골밑을 든든히 지켜주었고, 김동규 역시 동료들 활약에 고무되어 점수를 올렸다.

GS글로벌도 최원영을 중심으로 문준, 이승곤이 골밑에서, 박우현이 돌파로 공격 활로를 뚫었다. 하지만, 문준이 3쿼터 중반 일찌감치 파울트러블에 시달리며 골밑수비가 헐거워졌다. 삼성 바이오에피스는 이 틈을 놓치지 않았다. 에이스 김동규를 중심으로 권준건, 류동현이 연달아 점수를 올리며 43-49까지 점수차를 좁혔다.

하지만, 삼성 바이오에피스 추격은 여기까지였다. 김동규가 던진 슈팅이 연달아 빗나갔고, 골밑에서 득점이 이루어지지 않았다. GS글로벌은 문준이 파울 부담을 이겨내며 삼성 바이오에피스 공세에 맞섰고, 최원영, 박우현이 속공을 성공시켜 점수차를 다시 벌렸다. 삼성 바이오에피스는 체력이 다한 나머지 슛 성공률이 눈에 띄게 저조해졌다. 승기를 잡은 GS글로벌은 이승곤이 골밑에서 득점에 성공, 승부에 쐬기를 박았다.

GS글로벌은 이날 경기 승리로 2승(3패), 승점 7점째를 획득했다. 승리보다 이전 경기와 달라진 모습을 보여줄 수 있었기에 의미가 깊었다. 확률높은 공격을 보여주었고, 단단함까지 과시했다. 이번 대회를 앞두고 GS글로벌이 원하던 방향이 이 경기에서 드러난 셈이다. 높은 곳에는 오르지 못했지만, 역경을 헤쳐 나갈 수 있는 힘을 얻었다. 최원영, 정윤철 등 기존 선수들과 문준 등 새로 합류한 선수들이 조화를 이루어냈다는 것도 호재. 현재보다 미래가 기대되는 이유다.

삼성 바이오에피스는 김동규를 중심으로 마지막까지 승리를 향한 의지를 놓지 않았다. 유승엽 공백을 류동현, 권준건이 성공적으로 메웠다. 이전 경기와 달리 패스가 늘어나며 김동규에 대 의존도가 줄어들고 있는 것도 호재다. 류동현이 이날 개인 최다인 6개 어시스트를 기록한 것이 이를 증명했다. 골밑에서 임준혁, 이창형이 득점에 더 가담한다면 공격 활로를 더욱 넓힐 수 있다. 마지막 숙제만 해결한다면 The K직장인농구리그에서 공격력에 있어서만큼 어떤 팀들과 경쟁력을 갖출 수 있는 기반을 마련하게 될 것이다.



 

한편, 이 경기 STIZ(www.stiz.kr) 핫 플레이어에는 23점 10리바운드 3스틸을 기록, 에이스 역할을 톡톡히 해낸 GS글로벌 최원영이 선정되었다. 그는 “정말 기다렸던 승리였다. 팀원들 모두 개인실력은 좋은데 팀으로서 뭉치지 못하다 보니 매번 아쉽게 패했다. 오늘 경기에서만큼 팀답게 경기를 소화할 수 있어서 좋았다”고 승리에 고무된 모습이었다.

최원영 말대로 매 경기 고비를 넘지 못해 내준 경기가 대부분이었다. 패했던 3경기 모두 점수차가 10점 이내였다. 슛 성공률이 저조한 것도 허덕이게 된 원인 중 하나였다. 그는 “팀원들 모두 개인실력이 있다 보니까 욕심을 가졌던 것 같다. 승부처에서 팀 플레이보다는 개인플레이를 많이 했던 것 같다. 무엇보다 훈련량이 부족한 탓에 슛 성공률이 저조했던 것 같다”며 “오늘 경기에서는 이전 경기에서 이루어지지 못했던 부분들에 대하여 팀원들과 대화를 많이 했고, 궂은일에 집중했던 것이 결과가 좋았다. 무엇보다 우리가 잘 할 수 있는 것들이 나온 것에서 좋은 결과가 나왔던 것 같다”고 희망적인 답을 내놓았다.

GS글로벌은 올해 들어 문준 등 새로운 선수들이 합류, 최원영, 정윤철 등 기존 선수들과 조화를 이루는 과정 속에 놓여있다. 최원영은 팀 내 상황을 ‘과도기’라 표현했다. 이에 대해 “첫 대회보다 새로운 선수들 역할이 많아졌다. 이 과정에서 훈련량이 부족한 탓에 잘할 수 있는 것들을 못했다. 경기를 통하여 호흡을 맞추고 있는 만큼, 내년에는 체육관을 대관하여 정기적으로 모여 훈련하는 것이 목표다”고 설명했다.

이날 경기를 마지막으로 예선 일정을 모두 마무리한 GS글로벌. 최원영은 “이번 대회에서 큰 목표를 가지고 임했는데 훈련량이 부족한 상황에서 높은 목표를 수립했던 것이 어불성설이었다. 오늘 경기에서처럼 열심히 움직이면서 찬스를 만들어낼 수 있다면 좋은 결과 만들어낼 수 있을 것 같다. 다시 시작해야 할 것 같다”며 “지금 했던 것보다 수비에서 단단한 모습을 만들어내는 것이 첫 번째 목표다. 공격에서는 한두명에게 시선이 쏠려 있는 것보다는 모두가 참여하여 만들어내는 것이 궁극적인 목표다. 마지막 순위전에서 이 부분에 초점을 맞추어 경기에 임하겠다”고 바람을 드러냈다.



 



 


 



 


 

  2018-12-16   권민현(gngnt2002@hanmail.net)

저작권자 ⓒ 점프볼. 무단 전재-재배포 금지
기사제공 점프볼
권민현(gngnt2002@hanmail.net)
현장에서 작성된 기사입니다.
Copyright ⓒ 점프볼. All rights reserved. 무단 전재 및 재배포 금지.
기사 섹션 분류 가이드",https://sports.news.naver.com/news.nhn?oid=065&aid=0000171736
4,2018.12.16. 오후 01:35,밀라노 국제가구박람회의 '에이스침대',"메인館에 전시된 '볼베르' 침대 … 유럽 명품브랜드와 어깨 나란히

에이스침대의 이탈리아 법인인 '에이스 자나(ACE ZANA)'가 경쟁이 치열한 밀라노 국제 가구박람회에 2년 연속 제품을 전시하는 데 성공，유럽 시장에서 명품 브랜드 대열에 바짝 다가서고 있다.

에이스 자나는 16일(현지시간) 이탈리아 최대 전시장인 '뉴 피에라 밀라노'에서 개막된 밀라노 국제 가구박람회의 메인관 중 하나인 11관(모던관，E20부스)에 신제품 침대 '볼베르' '라인' 및 침실 소품 등을 전시했다.

밀라노 국제 가구박람회는 세계 최대 규모의 가구.인테리어 전시회로,에이스 자나는 올해 두 번째로 출품했다.

주로 유럽 업체들이 들어가는 메인관에 아시아 업체가 전시장을 마련한 것은 이 회사가 처음이다.

전시회를 주관하는 만리오 아르멜리니 코스미트사 대표는 ""전시회 참가를 위해 540여개 업체가 대기할 정도""라며 ""세계적 인지도를 갖지 않은 타국 업체에 자리를 배정하기는 쉽지 않다""고 말했다.

에이스 자나는 에이스침대와 시몬스가 함께 세운 이탈리아 법인.에이스침대는 지난 12년간 밀라노 전시회 참가를 타진해왔지만 이탈리아의 텃세에 밀려 메인관 진입에 번번이 실패했다.

이 같은 진입장벽을 뛰어넘기 위해 2005년 설립된 현지법인이 에이스 자나다.

일종의 '우회전략'인 셈.

특히 에이스 자나는 지난해보다 두 배 정도 넓은 100㎡ 규모의 전시관을 확보했으며 장소도 작년보다 주요 전시장에 더 가까운 11관으로 이동해 인지도가 훨씬 높아졌다는 평가를 받고 있다.

이번 밀라노 전시회는 일관된 흐름을 찾기 어려울 정도로 '다변화'가 주요 특징으로 꼽히고 있다.

밝은 색상과 친환경 소재，실용성 강조 등이 주목을 끌었다.

에이스 자나의 신제품 '볼베르'도 실용적인 디자인으로 주목받고 있다.

침대 헤드(머리판)를 위에서 아래로 접으면 등을 기대어 쉴 수 있도록 만들어졌으며 매트리스는 5㎝ 정도 높이 조절이 가능하고 매트리스 밑부분에 수납 공간도 있다.

이 제품 디자이너 주세페 비가노씨는 ""실용성과 편안함에 초점을 맞췄다""며 ""심플한 선을 강조한 외형적 디자인과 소재,제품 마감도 최고 수준""이라고 말했다.

가격은 600만원 선으로 이탈리아에서 비싼 편이지만 지난 2월 시제품이 나온 이래 벌써 50여개가 선주문될 정도로 좋은 반응을 얻고 있다.

에이스 자나는 이탈리아에 100개의 대리점을 구축하고 있다.

또 현재 20곳인 프랑스 스웨덴 등 동.서유럽의 판매망을 연내 40여곳으로 확대해 지난해 40만유로(약 6억원)에 불과했던 매출을 올해는 100만유로(약 15억원)까지 끌어올릴 계획이다.

안성호 에이스침대 사장은 ""2년 연속 밀라노 전시회 출품으로 제품의 우수성을 인정받았다""며 ""2년 내에 흑자를 달성，유럽 시장에서 명품으로 인정받는 '글로벌 에이스'로 우뚝 서겠다""고 강조했다.

밀라노(이탈리아)=김후진 기자 jin@hankyung.com

ⓒ 한국경제신문, 무단 전재 및 재배포 금지

<한국온라인신문협회의 디지털뉴스이용규칙에 따른 저작권을 행사합니다>

Copyright ⓒ 한국경제. All rights reserved. 무단 전재 및 재배포 금지.
이 기사는 언론사에서 경제 섹션으로 분류했습니다.
구독
메인에서 바로 보는 언론사 편집 뉴스 지금 바로 구독해보세요!
좋아요 0 훈훈해요 0 슬퍼요 0 화나요 0 후속기사 원해요 0
이 기사를 추천합니다
안내

한국경제 언론사홈 바로가기",https://n.news.naver.com/mnews/article/015/0001960955?sid=101
5,2018.12.16. 오후 01:35,"에이스침대, 콧대 센 밀라노展 뚫다‥亞업체 첫 메인관 전시","이탈리아 최대 전시장인 '뉴 피에라 밀라노'에서 18일(현지시간) 개막된 세계 최대 가구 전시회인 '밀라노 국제가구박람회'.세계적 가구업체들이 몰려 있는 메인관 중 하나인 13관(모던관)에 '노띠' '오르메' 등 이탈리아의 유명 가구 브랜드와 나란히 에이스침대 이탈리아 현지 법인인 '에이스 자나(ACE ZANA)'의 전시 부스가 자리 잡고 있다.

30평 규모 남짓 되는 전시장에는 '자나' 브랜드의 침대와 침실 소품 등과 함께 지난해 에이스침대가 선보인 명품 매트리스인 '로얄에이스'와 '에이스Ⅱ' 등이 전시돼 있다.

에이스침대(대표 안성호)가 밀라노 가구박람회의 문을 두드린 지 11년 만에 전시회 메인관에 입성했다.

주로 이탈리아 업체나 유럽 업체들이 들어가는 메인관에 국내만이 아니라 아시아 업체가 전시장을 마련한 것은 이 회사가 처음.말리오 아르멜리니 박람회 사무국장은 ""박람회 참가를 위해 대기 중인 이탈리아 업체만 800여개사에 달한다""며 ""세계적인 인지도를 가진 업체를 제외하고는 타국 업체에 메인관 자리를 배정하기는 쉽지 않다""고 말했다.

이번 전시회에도 2159개 업체가 참가했으나 메인관이라 할 수 있는 6개 전시관에 들어간 업체는 500여개사에 불과하다.

에이스침대는 내수 시장에서 벗어나 세계 침대 시장을 양분하고 있는 유럽과 미국 진출을 위해 1996년부터 '밀라노 전시회' 참가를 적극 추진해 왔다.

그동안 이탈리아 가구협회의 텃세에 밀려 메인관 진입에 번번이 실패한 에이스침대는 2005년 9월 밀라노 부근에 설립한 현지 법인을 통한 우회 전략으로 '좁은 문'을 뚫는 데 성공했다.

안성호 대표는 ""그동안 박람회 주최 측에서 몇 차례 부스를 배정해 주기도 했지만 별관이나 위성관이어서 거부했다""며 ""전 세계 가구업체 관계자들이 주로 몰리는 메인관에서 세계적인 업체들과 동등하게 경쟁할 수 있다는 점에 이번 전시 참가의 의미가 있다""고 말했다.

밀라노 전시회에는 매년 전 세계에서 19만여명의 가구 관계자들이 몰려든다.

이들은 주로 전 세계 가구 및 인테리어 디자인과 트렌드를 주도하는 메인관을 찾는다.

개막 당일에도 이탈리아 현지 바이어들을 비롯한 유럽 미주 가구업체 관계자들이 '에이스자나' 부스를 방문해 상담을 벌였다.

안 대표는 ""현재 에이스자나에서 판매되고 있는 침대는 700만원대(매트리스 250만원)의 고가 제품으로 상류층을 타깃으로 하고 있다""며 ""이번 박람회를 통해 제품의 신뢰성뿐 아니라 브랜드 인지도가 제고될 것으로 기대한다""고 말했다.

그는 ""침대의 본고장인 유럽 시장에서 명품으로 인정받아 '글로벌 에이스'로 도약할 수 있도록 내년에는 부스 규모를 더 늘려 참가하는 등 선진 시장 마케팅을 강화할 계획""이라고 강조했다.

밀라노＝김후진 기자 jin@hankyung.com

ⓒ 한국경제신문, 무단 전재 및 재배포 금지<한국온라인신문협회의 디지털뉴스이용규칙에 따른 저작권을 행사합니다>

Copyright ⓒ 한국경제. All rights reserved. 무단 전재 및 재배포 금지.
이 기사는 언론사에서 경제 섹션으로 분류했습니다.
구독
메인에서 바로 보는 언론사 편집 뉴스 지금 바로 구독해보세요!
좋아요 0 훈훈해요 0 슬퍼요 0 화나요 0 후속기사 원해요 0
이 기사를 추천합니다
안내

한국경제 언론사홈 바로가기",https://n.news.naver.com/mnews/article/015/0000957720?sid=101
6,2018.12.16. 오후 01:35,[기업속으로] 에이스침대‥침대과학 100년전통 美회사에 한수 지도,"안성호 에이스침대 대표는 다음 달 중순 미국 출장길에 오른다.

이번에는 그의 출장 목적 중 대부분을 차지하는 국제가구박람회 참관이 아니다.

미국 10대 침대회사 중 하나인 K사와 에이스침대가 지난 3월 제품화한 '튜브코일공법' 기술 수출건을 협의하기 위해서다.

안 대표는 ""튜브코일공법이 지난해 말 미국 특허를 받았을 때부터 K사에서 관심을 표명했다""며 ""이번 출장에서 로열티를 받고 기술을 전수할지 아니면 제품을 직접 만들어 공급하게 될지 여부를 확정지을 것""이라고 말했다.

협상이 성사될 경우 '온돌' 국가에서 창업한 회사가 100년여의 전통을 지닌 미국 침대전문회사에 매트리스 제조기술을 한 수 가르치게 되는 셈이다.

◆세계 최고 침대기술 업체로 '우뚝'

에이스침대는 1963년 서울 인사동 가구골목에서 '에이스침대공업사'로 출범했다.

설립 초기 창업주인 안유수 회장은 미군부대에서 흘러나오는 미국 유명 브랜드의 중고침대를 낱낱이 분해하면서 기술을 익혔다.

1980년대까지만 해도 에이스침대는 미국이나 이탈리아 업체들과 기술제휴를 맺고 선진기술을 배우는 입장이었다.

이 당시 미국 1위 침대업체인 실리와 라이선스 계약을 맺고 '에이스씰리'란 브랜드로 제품을 내놓기도 했다.

에이스침대는 1990년대 들어 '침대의 과학화'를 표방하며 기술자립을 선언했다.

창사 이래 줄곧 선진 기술을 습득하며 기술력 제고에 힘써온 자신감의 발로였다.

'침대는 가구가 아니라 과학'이라는 유명한 광고카피가 나온 것도 이즈음이다.

1992년 업계 최초로 설립된 침대공학연구소는 '에이스 침대과학'의 산실이다.

의학 인체공학 소재공학 수면과학 등의 전문인력으로 구성된 10여명의 연구팀이 뇌파실험기,실험로봇 '컴퓨맨' 등 첨단기기를 이용해 과학적인 침대를 만들어 왔다.

1995년에는 세계 두 번째로 충북 음성공장에 하루 1000대의 매트리스를 만들 수 있는 첨단 전자동 무인 매트리스 생산설비를 갖췄다.

에이스침대는 2002년부터 매트리스 가장자리의 탄력을 혁신적으로 개선한 '올인원 공법',일반 스프링의 쏠림현상을 방지한 'FTF 공법' 등 에이스만의 독자 기술을 선보여 왔다.

올 들어 잇따라 제품화된 '튜브코일공법'과 '하이테크공법'은 에이스 침대과학의 결정체.튜브코일공법은 스프링 하단을 판 모양으로 서로 연결하고 상단은 각각 독립적으로 움직이게 만드는 공법.탄력성 및 안정성이 뛰어난 일반형 스프링과 체압분산 효과가 좋은 포켓형 스프링의 장점을 결합한 것으로,미세한 흔들림과 소음을 방지하기 위해 스프링 상단을 특수 부직포로 감쌌다.

하이테크공법은 독립적으로 움직이는 스프링 대신 스프링판 상부를 부드러운 특수 우레탄 소재와 결합하는 신기술이다.

안 대표는 ""1990년대 말까지 세계일류 수준에 근접했고 올인원·FTF공법 개발로 세계 선진 기업들을 넘어섰다면 튜브코일과 하이테크공법으로 확실히 앞서기 시작했다""며 ""침대의 생명인 스프링 기술 만큼은 에이스가 세계 최고""라고 강조했다.

◆창사 이래 최대 이익

에이스침대는 튜브코일공법과 하이테크공법을 각각 적용한 '로얄 에이스'와 '에이스Ⅱ'의 판매 호조로 올해 매출목표인 1300억원 달성이 무난할 것으로 보고 있다.

이는 지난해 매출 1154억원에 비해 13%가량 늘어난 수준.에이스침대는 올 상반기에 지난해 같은 기간보다 각각 4%와 9% 증가한 623억원의 매출과 75억원의 순이익을 올렸다.

반기 기준으로 창사 이래 최대 이익 규모다.

안 대표가 입사한 1991년 에이스침대의 매출은 300억원대.시장점유율은 20%대 초반으로 당시 기세등등하던 보루네오 등 종합가구업체들과 침대관련 매출만 비교했을 때 엇비슷하거나 약간 뒤졌다.

현재 이 회사의 시장점유율은 35%대로 10%대인 2위권의 시몬스침대 등에 비해 2배 이상 높다.

이처럼 에이스침대가 국내에서 독보적인 1위 침대업체로 위상을 굳힌 것은 '침대'란 한 우물을 파면서 기술력 향상에 주력하는 한편 가급적 부채를 쓰지 않는 안정적인 경영을 해 왔기 때문이다.

무리한 사업확장을 해온 종합가구업체들이 외환위기를 맞아 줄줄이 쓰러질 때도 에이스침대는 흑자를 냈다.

1996년 개설된 코스닥시장의 원년 멤버인 이 회사는 상장 이후 10년 연속 흑자를 기록했다.

안 대표가 CEO에 오른 2002년부터는 기존 부채를 다 갚고 무차입 경영에 들어갔을 만큼 재무구조도 튼튼하다.

◆'글로벌 에이스'로 간다

에이스침대의 과제는 해외 시장 진출.성숙단계에 접어든 내수 시장만으로는 지속적인 성장에 한계가 있기 때문이다.

이 회사는 1993년 중국 광저우에 매트리스공장을 설립하며 해외 시장 공략에 시동을 걸었으나 아직까지 시장이 중국과 동남아지역에 머물고 있다.

또 해외 매출 규모도 연 50억~60억원 수준에 불과하다.

에이스침대는 세계 침대시장을 양분하고 있는 미국과 유럽 진출을 위해 2000년 들어 세계 최대 가구박람회인 '밀라노 전시회' 참가를 적극 추진해 왔다.

제품력과 품질을 전세계 가구업계로부터 인정받아 선진 시장 진출의 관건인 인지도를 높이기 위해서다.

그러나 자국 업체 배정을 우선하는 주최측인 이탈리아가구협회의 텃세에 밀려 전시업체 참가는 쉽게 성사되지 않고 있다.

안 대표는 ""주최측에서 몇 차례 부스를 배정해 주기도 했으나 자리가 후미진 데다 전시면적이 좁아 매번 사양했다""며 ""세계적인 유명 업체들과 동등한 입장에서 경쟁하지 않으면 의미가 없기 때문""이라고 말했다.

에이스침대는 지난해 9월 밀라노 부근에 현지 생산법인인 '자나'를 설립하고 올 4월부터 '자나'란 브랜드로 시판에 들어갔다.

'자나'법인 설립은 침대의 본고장인 유럽 시장 진출과 함께 밀라노 전시회에 입성하기 위한 전략적 의미도 담고 있다.

안 대표는 ""'자나'는 지난달 이탈리아가구협회의 일원으로 모스크바 국제전시회에 참가하는 등 이탈리아 업계에서 인지도를 높이고 있다""며 ""내년 밀라노 전시회에는 '에이스 자나'란 간판으로 당당히 참가할 수 있을 것""이라고 말했다.

송태형 기자 toughlb@hankyung.com

ⓒ 한국경제신문, 무단 전재 및 재배포 금지<한국온라인신문협회의 디지털뉴스이용규칙에 따른 저작권을 행사합니다>

Copyright ⓒ 한국경제. All rights reserved. 무단 전재 및 재배포 금지.
이 기사는 언론사에서 경제 섹션으로 분류했습니다.
구독
메인에서 바로 보는 언론사 편집 뉴스 지금 바로 구독해보세요!
좋아요 0 훈훈해요 0 슬퍼요 0 화나요 0 후속기사원해요 0
이 기사를 추천합니다
안내

한국경제 언론사홈 바로가기",https://n.news.naver.com/mnews/article/015/0000925848?sid=101
7,2018.12.16. 오후 01:35,[COVER STORY] '부채 제로'의 경영학 - 에이스침대,"흑자경영 안겨준 ‘품질 최우선주의’

‘침대는 가구가 아닙니다. 과학입니다.’

이 광고 카피의 주인공이 ‘에이스침대’라는 사실은 외국인이 아니라면 다 알 정도다. 침대 불모지였던 우리나라에서 에이스침대는 1963년 설립됐다. 안유수 에이스침대 창업자는 미군부대에서 버려지는 침대를 보며 창업동기를 가졌다고 한다.

서울 금호동에서 에이스침대공업사로 출발한 에이스침대는 침대ㆍ사무용 가구를 하던 안건사에서 침대부문을 인수하며 한국을 대표하는 침대회사로 올라섰다.

‘침대 과학’을 실현하기 위해 에이스침대는 91년 ‘침대공학연구소’를 설립, 최첨단 생산시설을 위해 과감한 투자를 하기도 했다. 연구소에서는 의학, 인체공학, 소재공학, 수면과학 등 각 분야의 전문인력으로 구성된 연구개발팀이 롤러시험기, 매트리스시험기, 낙하충격시험기, 스프링시험기, 뇌파시험기 등 첨단기기를 이용해 침대를 연구한다.

에이스침대는 자체적으로 첨단 기능의 인체연구 시스템인 ‘컴퓨맨’을 개발하기도 했다. 컴퓨맨은 인체구조와 기능을 가진 실험로봇으로 인체의 하중분포와 체압분포, 척추곡선 등을 측정할 수 있다.

95년에는 충북 음성에 10만평 규모의 공장을 준공하며 국내 침대시장을 장악해 왔다. 이 공장에서는 전 공정의 70% 이상을 자동화해 제품을 생산한다. 침대공학연구소에서 알 수 있듯이 에이스침대는 그 무엇보다 ‘품질’에 신경 써 왔다.

‘최고가 아니면 만들지 않는다’, ‘대충 만드는 것은 용납 못한다’는 이 회사의 슬로건에서 ‘품질 최우선주의’라는 장인정신이 스며 나온다.

‘글로벌 에이스’에도 주안점을 둔 에이스침대는 일찌감치 82년 이탈리아 밀라노에 지사를 설립했다. 이어 84년에는 스페인 발레시아에 사무소를 열었고 93년에는 중국 광저우에 현지법인을 설립하며 중국시장을 공략했다.

‘온돌’ 국가에서 창업한 회사의 침대가 해외고객을 빨아들이게 된 것이다. 96년에는 침대 제조기술 또한 수출하게 됐다. 필리핀 엠파이어(Empire)가 에이스의 기술을 사 갔다. 이와 함께 매장 경쟁력 강화와 신유통조직 개발 등 조직 경쟁력 극대화에도 초점을 맞춘 에이스침대는 IMF 외환위기에도 흑자경영을 펼쳤다.

그 결과 2002년 12월 무차입경영 선언을 할 수 있었다. 은행 차입금 등 62억5,100만원을 상환하며 무차입 시대로 접어든 것. 하나은행 중부지점 56억8,000만원을 비롯해 신한은행 성남지점 5억원 등의 은행 차입금을 에이스침대는 모두 갚았다. 무차입 선언은 수익성 위주로 회사를 운영했다는 증거가 돼 에이스침대를 화제에 올렸다.

튼튼한 재무구조를 바탕으로 투자를 확대할 계획 또한 분명하다. 먼저 수면공학 연구에 대한 투자를 늘리며 수면의학, 재활의학, 인간공학 등의 전문가로 ‘수면과학 실현을 위한 전문위원회’를 구성, 운영할 예정이다.

또한 침대공학연구소를 통해 수면공학실적의 데이터베이스(DB)를 구축하고 수면측정ㆍ인체측정 장비를 구입해 연구개발에 활용할 계획이다. 현재 에이스침대의 연구개발(R&D) 비용은 매출액 대비 2% 정도다.

안성호 사장은 “무차입 경영에 대한 시각은 여러가지 존재하겠지만 빚 없이 사업을 진행하다 보면 경영자 입장에서는 부담이 줄어드는 것이 사실”이라고 설명했다.

jenny@kbizweek.com

Copyright ⓒ 한경비즈니스. All rights reserved. 무단 전재 및 재배포 금지.
이 기사는 언론사에서 경제 섹션으로 분류했습니다.
구독
메인에서 바로 보는 언론사 편집 뉴스 지금 바로 구독해보세요!
좋아요 0 훈훈해요 0 슬퍼요 0 화나요 0 후속기사 원해요 0
이 기사를 추천합니다
안내

한경비즈니스 언론사홈 바로가기",https://n.news.naver.com/mnews/article/050/0000003193?sid=114
8,2018.12.16. 오후 01:35,[파워! 마케팅] 전사마케팅 부문 : 우수상 - '에이스침대',"단일 공장으로는 세계 최대를 자랑하는 에이스침대는 지난 1963년 창업 이래 늘 한발 앞선 기술과 도전 정신으로 침대산업의 불모지였던 우리나라의 침대산업을 세계 수준으로 끌어 올렸다.

특히 침대공학연구소를 통한 품질의 과학화와 생산 및 품질검사 등 전과정의 자동화,신기술 개발을 통한 품질의 고급화 등 지난 40년간의 노력은 에이스침대를세계적 기업으로 우뚝 설 수 있게 했다.

올해로 창립 40주년을 맞는 에이스침대는 지속적인 마케팅 활동의 결과로 부채비율이 대폭 낮아져 재무안정성이 뛰어난 기업으로 평가되고 있다.

지난해말부터는 사실상 무차입 경영에 들어갔을 정도다.

""최고가 아니면 만들지 않는다"",""돈 들어도 대충 만드는 것은 용납 못한다""는 이 회사의 슬로건에서 알 수 있듯 에이스침대의 모든 제품에는 ""품질 최우선주의""라는 장인정신이 깔려있다.

또 ""조직경쟁력 극대화""와 ""제품차별 극대화""를 마케팅 전략으로 세워놓고 있다.

구체적으로는 ""조직경쟁력 극대화""를 위해 기대매출을 창출하고 시장점유율을 확대해 상권의 구조조정을 완성한다는 계획을 추진중이다.

아울러 물류시스템 개선을 통해 매장의 경쟁력을 강화하는 한편 연계상권의 조직을 개설하고 통신판매 유통망 구축을 통해 신유통 조직을 개발한다는 복안이다.

""제품 차별 극대화"" 전략은 신제품 개발과 직결된다.

각종 판촉물의 효과를 극대화하고 지식 마케팅 및 고도의 세일즈 기법을 발굴.

지원함과 동시에 경쟁 정보의 수집.분석력을 강화하는 전략도 병행 구사한다는방침이다.

에이스침대는 다양한 고객의 니즈(needs)에 신속히 대응하고 고객 감동을 위한수면 환경을 구축한다는 목표 아래 <>환경 친화력이 강한 선진화된 소재를 개발하고 <>선진국 기술에 종속되지 않는 독자적인 쾌적 수면 환경 제어 시스템을개발하고 <>해외 시장의 적극적인 개척을 통해 세계 최고의 침대브랜드로 성장한다는 비전을 세워놓고 있다.

이미 지난 1993년 업계 최초로 중국 광저우(廣州)에 현지법인을 설립했던 에이스침대의 올해 경영방침이 ""글로벌 에이스(Global ACE) 구현의 해""인 만큼 중국시장과 대북경제 협력도 본격화할 예정이다.

Copyright ⓒ 한국경제. All rights reserved. 무단 전재 및 재배포 금지.
이 기사는 언론사에서 경제, 오피니언 섹션으로 분류했습니다.
구독
메인에서 바로 보는 언론사 편집 뉴스 지금 바로 구독해보세요!
좋아요 0 훈훈해요 0 슬퍼요 0 화나요 0 후속기사원해요 0
이 기사를 추천합니다
안내

한국경제 언론사홈 바로가기",https://n.news.naver.com/mnews/article/015/0000625276?sid=101
9,2015.06.11. 오전 9:55,"타임즈, 디지털싱글 ‘Awaken’ 한-중 2개국 동시 발매…글로벌 공략 시동 ","이미지 원본보기


한-중 합작 아이돌 그룹 타임즈(TimeZ)가 11일 디지털싱글 ‘어웨이큰(Awaken)’을 한국과 중국에 동시 발매하고 본격적인 활동에 나선다.

타임즈는 CJ E&M과 중국의 Super Jet 엔터테인먼트가 공동으로 기획ㆍ제작한 아이돌 그룹으로 한국인 멤버 2명과 중국인 멤버 4명 등 총 6명으로 구성됐다. 지난 2012년 엠넷 ‘엠카운트다운’을 통해 한국 무대에 데뷔한 이래 그 해 한-중의 신인상을 수상하며 높은 잠재력을 인정 받았으며 2집 발매 이후 중국 활동을 지속했다.

타임즈의 신곡 ‘어웨이큰’은 한 번 들으면 누구나 따라 부를 수 있는 중독성 강한 후렴 멜로디가 인상적이다. 경쾌한 비트와 감성적인 일렉 기타의 사운드의 미디엄 템포 곡으로, 잃었던 나 자신을 되찾고 꿈을 찾아 나가는 희망적인 내용의 가사가 어우러졌다.

이번 타임즈의 디지털싱글 ‘어웨이큰’ 제작을 위해 한-중을 뛰어넘는 글로벌 에이스들이 모두 뭉쳤다. 엑소의 ‘중독’과 ‘콜미 베이비(Call Me Baby)’, 헨리의 ‘베드 걸(Bad Girl)’, 빅스의 타임머쉰(Time Machine)’ 등 최근 유명 히트곡들의 작사를 맡은 ‘1월 8일(Jam Factory)’ 작사팀이 참여했다.

타임즈는 중국에 공개된 뮤직비디오에서 6명의 엉뚱한 스파이로 변신해 액션과 멜로를 오가는 연기를 펼친다. 타임즈 외에 ‘댄싱9’에서 화제가 됐던 싱가포르 미녀 댄서 타샤가 8색조 매력을 선보이며 스파이물의 여주인공 역을 소화했다.

빅뱅의 '베베(Bae Bae)', EXID의 '위 아래'로 유명한 성원모, 박상우 감독이 이끄는 디지페디(Digipedi) 제작팀이 연출을 맡아 감각적인 스파이물 뮤직비디오 영상을 제작했다. 티저 영상은 최근 가장 실험적인 영상으로 명성이 높은 광고 제작팀인 모이스트 플레이(Moistplay)의 정시웅 감독이 연출을 맡아 할리우드 영화의 예고편을 연상시키는 다이나믹한 티저를 선보였다.

CJ E&M 음악사업부문 관계자는 “글로벌 에이스들이 모두 뭉쳐 오랜 시간 기획한 한-중 합작 프로젝트인 만큼 한국과 중국 양국에서 모두 좋은 성과를 얻을 수 있을 것으로 기대한다”고 말했다.

한편, 타임즈는 11일 엠넷 ‘엠카운트다운’을 통해 신곡 어웨이큰의 첫 무대를 선보인 이후 주요 지상파 음악방송에 출연할 계획이다. 한국 활동을 마친 이후 이어서 본격적인 중국활동을 시작한다.


와우스타 유병철기자 ybc@wowtv.co.kr

`네이버 뉴스스탠드, 페이스북, 트위터에서 한국경제TV를 바로 만나보세요`
Copyright ⓒ 한국경제TV(www.wowtv.co.kr) 무단 전재 및 재배포 금지

ⓒ 한국경제TV, 무단 전재 및 재배포 금지",https://entertain.naver.com/read?oid=215&aid=0000318419
10,2018.12.16. 오후 01:35,"컴투스 '쿵푸펫' 개발 총괄 박성곤 PD, ""새해 글로벌 시장서 인정받는 SNG 기대해달라""","- '쿵푸'소재 '펫 육성'과 소셜 기능의 환상 조합 
- 컴투스 글로벌 마지막 퍼즐, '쿵푸펫'으로 완성

 

   

지난해 글로벌 시장에서 가장 두각을 나타낸 모바일게임사는 단연, 컴투스와 게임빌이다. 컴투스, 게임빌은 글로벌 원 빌드 서비스인 '하이브'를 통해 '서머너즈워 : 천공의 아레나', '다크어벤저2' 등 성공시키면서 괄목할 만한 시장성과를 보였다. 
이를 발판으로 2015년에도 글로벌 시장에서 더욱 두각을 나타내겠다는 것이 컴투스의 계획이다.
'쿵푸펫'은 컴투스의 전략에 맞춤형 타이틀로 꼽힌다. 지난해 7월 국내 론칭에 앞서 캐나다, 뉴질랜드, 태국, 싱가포르 등 16개국 국가에서 먼저 서비스를 진행하면서 그 기반을 다졌다. 특히, 북미 지역에서 좋은 성과를 보이며, 차세대 글로벌 에이스로 떠오르고 있다.
'쿵푸펫' 개발을 총괄하고 있는 박성곤 PD는 ""컴투스 콘텐츠 중에서 스포츠와 RPG 등은 해외 시장에서 좋은 평가를 받은 반면에 SNG(소셜 네트워크 게임)는 아직 뚜렷한 성과가 없었다""며 ""'쿵푸펫'을 통해 컴투스의 마지막 퍼즐인 SNG를 글로벌 시장에서 성공시키겠다""고 포부를 밝혔다.
박성곤 PD은 지난 2004년에 컴투스에 입사해, '포춘골프', '낚시의 신', '쿵푸펫' 등을 개발한 개발부의 터주대감이다. 특히, 피처폰 시절 3D 그래픽을 처음 선보이면서 컴투스의 개발력을 끌어올렸다.
'쿵푸펫'의 경우, 초기 개발부터 글로벌 특히, 북미 지역에서 성과를 극대화하겠다는 목표로 기획된 작품이다. '쿵푸'라는 동양적인 소재와 아기자기한 그래픽을 앞세운 '펫'을 통해 글로벌 넘버원 타이틀을 꿈꾸고 있다.

글로벌 선 오픈 전략
'쿵푸펫'은 지난 2012년 글로벌 SNG를 개발하고자 한 컴투스의 목표로 개발된 작품이다. 모바일게임 시장 트렌드에 휘둘리지 않고, 지난 2년 동안 SNG의 재미를 극대화하는 것에 초점을 맞췄다.
""국내 모바일게임 시장 트렌드는 하루가 다르게 변화하고 있고 특정 장르에 대한 독식이 많은 것이 사실입니다. 트렌드만을 쫓다가는 결국 2위 밖에 할 수 없다는 생각으로 처음부터 글로벌 시장에서 성과를 낼 수 있는 타이틀을 고민했습니다.""
국내 시장에서는 이미 인기가 식은 SNG 장르지만, 글로벌 시장에서는 여전히 기회가 있다고 생각했다는 것이 박 PD의 설명이다. 그리고 그의 생각은 적중했다. 지난해 7월 순차적으로 글로벌 선 오픈을 한 '쿵푸펫'이 꾸준히 상승곡선을 그리고 있다. 국가 별로 차이는 있지만, 게임 플레이에 만족을 느끼는 유저들이 증가하면서 대중적인 타이틀로 자리매김하고 있다.

 

   
""쿵푸라는 소재와 펫의 육성과 대전이 글로벌 유저들에게 좋은 반향을 얻고 있는 것으로 판단됩니다. 지금의 성과에 머무르지 않고, 유저들의 피드백을 게임 내에 재미로 승화시킬 계획입니다.""
글로벌 지역별로 유저들의 의견을 철저히 수용해, 맞춤형 업데이트를 선보인다는 전략이다.
캐주얼게임의 글로벌 롱런을 '쿵푸펫'으로 확실히 보여주겠다는 박 PD의 각오다.

2015년 파격적 업데이트 꾸준히 진행
글로벌 론칭 이후, '쿵푸펫'은 지난해 11월 국내에서 론칭했다. 한국 시장을 가장 마지막으로 론칭한 이유에 대해서 박성곤 PD는 유저들의 콘텐츠 소비 속도가 가장 빠르기 때문이라고 답했다.
""우리나라 모바일게임 유저 대부분이 경쟁이라는 압박감을 갖고 있는 것 같습니다. 이에 게임을 플레이하면서 오히려 스트레스를 받는 경우가 적지 않습니다. '쿵푸펫'은 이런 경쟁요소를 최소화하고 누구나 즐겁고 가볍게 즐길 수 있는데 개발 방향을 맞추고 있습니다.""
이미 트렌드가 지난 SNG 시장에서 '쿵푸펫'은 100만 다운로드(안드로이드 마켓 기준)을 돌파했다. 유저들의 평점 부분에 있어서도 매우 높은 점수를 기록하며 한국 시장에서도 좋은 성과를 이어가고 있다.
""국내 유저들 역시, '펫'을 수집하고 이를 조합해 새로운 '펫'을 육성하는 시스템에 대해서 만족하는 것 같습니다. 2015년에는 좀 더 다양한 '펫'을 선보일 계획입니다. 이 밖에도 새로운 스토리인 '어둠의 세력'을 등장시키는 등의 풍성한 콘텐츠 업데이트를 준비중입니다.""

 

   
현재 PvP 대전 이외에도 '어둠의 세력'과의 대결 구조를 이어가는 PvE 모드를 준비 중이라는 것이 박 PD의 설명이다. 그는 유저들을 위한 이벤트로 진행됐던 '미션 섬'을 올해는 더욱 확장시켜 소소한 즐거움을 지속적으로 느낄 수 있게 하겠다고 덧붙였다.
""쿵푸펫 개발팀 모두, '유저들의 재미를 어떻게 극대화할까'라는 고민을 매일하고 있습니다. 지속적인 모니터링을 통해, 유저들이 진짜 원하는 재미를 업데이트할 계획입니다. 2015년에는 더욱 많은 유저들에게 인정받았으면 하는 바람입니다."" 

* 박성곤 PD 프로필
+ 2004년 컴투스 '포춘골프3D' 메인 아티스트
+ 2005년 컴투스 '온게임넷 컴투스 모바일리그' 영상 디렉터
+ 2006년 컴투스 3D 개발팀 PD 및 아트 디렉터
+ 2008년 ~ 2012년 컴투스 디지털 테마 파크 '판교 아이큐아리움' 팀장
+ 2011년 ~ 2013년 컴투스 '낚시의 신' 개발팀장
+ 2013년 ~ 現 컴투스 '쿵푸펫' PD

■ '쿵푸펫'은 어떤 게임?

 

   
'쿵푸펫(Kung Fu Pets)'은 전세계 유저들에게 친숙한 '쿵푸'와 '동물'라는 소재를 바탕으로, 수집과 육성, 소셜, 전투의 재미를 하나로 결합시킨 완성도 높은 모바일 콜렉팅 SNG(소셜네트워크게임)다. 개성 만점의 아기자기한 동물들을 소환해 마을을 꾸미고, 훈련을 통해 연마한 스킬을 기반으로 각국의 유저들과 경쾌한 쿵푸 대전을 펼치는 등 '쿵푸펫' 만의 즐거움을 맛볼 수 있다.

사진 김은진 기자 ejui77@khplus.kr 
김상현 기자 game@heraldcorp.com

영어 글쓰기가 중요한 5가지 이유


[헤럴드경제 뉴스스탠드] [헤럴드TV 증권방송] [제3회 코리아헤럴드 청소년 외교아카데미]

[헤럴드경제 모바일 웹] [헤럴드경제 모바일앱] [SUPERICH] [REAL FOODS]



- Copyrights ⓒ 헤럴드경제 & heraldbiz.com, 무단 전재 및 재배포 금지 -
헤럴드게임스
Copyright ⓒ 헤럴드경제. All rights reserved. 무단 전재 및 재배포 금지.
이 기사는 언론사에서 경제 섹션으로 분류했습니다.
구독
메인에서 바로 보는 언론사 편집 뉴스 지금 바로 구독해보세요!
주요뉴스
해당 언론사에서 선정하며 언론사 페이지(아웃링크)로 이동해 볼 수 있습니다.
4,50대 허리통증, '척추관 협착증' 한번쯤 의심해봐야..
[리얼푸드] 담배 끊을려는데…금연에 도움되는 음식은?
[리얼푸드] ""○○○"" 소주는 돈줘도 못산다고?
[리얼푸드] 겨울 별미 '굴'과 함께 든든한 새해 시작하기
[리얼푸드] ""겨울철 비타민 가득 건강밥상을 만드는 반찬 4가지""
좋아요 0 훈훈해요 0 슬퍼요 0 화나요 0 후속기사 원해요 0
이 기사를 추천합니다
안내

헤럴드경제 언론사홈 바로가기",https://n.news.naver.com/mnews/article/016/0000609142?sid=101
11,2018.12.16. 오후 01:35,영남고고학회 ‘섬의 고고학' 학술대회,"4월 2일 동국대 경주캠퍼스
기조강연 이어 5건 주제발표
창원시 현동유적에서 나온 가야시대 배 모양 토기. 영남고고학회 제공


영남고고학회(회장 강현숙)는 4월 2일 ‘섬(島)의 고고학’을 주제로 제31회 정기학술발표회를 연다. 행사는 당일 오전 9시부터 오후 6시까지 동국대 경주캠퍼스 글로벌에이스홀(원효관 4층)에서 열린다. 강현숙 영남고고학회장은 “두 면이 바다로 둘러싸인 영남지역에 초점을 두고 해안지역 사람들의 생활, 해안도서와 내륙지역, 바다를 매개로 한 교류 등을 검토한다”고 했다.

기조강연과 5건의 주제발표와 토론, 종합토론이 이어진다.

기조강연은 ‘섬의 고고학’이란 전체 주제로 이청규 영남대 교수가 한다. 이어지는 5건의 주제발표는 다음과 같다.

‘신석기시대 생업·문화환경 변동과 도서·해안지역’(발표 이상규·가야문물연구원, 토론 김은영·부산박물관) ‘청동기시대 해양교류와 섬’(발표 박경민·일영문화유산연구원, 토론 박근태·일영문화유산연구원) ‘삼한시기 늑도의 해상 네트워크’(발표 이동관·국립중앙박물관, 토론 박진일·국립중앙박물관) ‘우산국의 고고학적 연구’(발표 김규운·강원대, 토론 홍보식·공주대) ‘삼국시대 연안 항로와 섬’(발표 이은석·국립나주문화재여구소, 토론 이형기·해양수산부)이 그것이다.

코로나19로 인해 현장 참석은 사전신청제를 통해 70명으로 제한하며, 유튜브를 통한 온라인 생중계가 진행된다. 영남고고학회 홈페이지를 참고하면 된다.

최학림 기자(theos@busan.com)
기자 프로필
구독
최학림 기자
구독자 352
응원수 0
부산과 지역을 탐구하다, 문화부 선임기자입니다.
“화두의 용광로엔 똥파리, 얼씬도 못 한다”
알 수 없어서 더 매혹적인 삶과 시, 그리고 사랑의 깊이


Copyright ⓒ 부산일보. All rights reserved. 무단 전재 및 재배포 금지.
이 기사는 언론사에서 생활 섹션으로 분류했습니다.
구독
메인에서 바로 보는 언론사 편집 뉴스 지금 바로 구독해보세요!
코로나19 사망자 '늦은 배웅', 온라인 추모관 바로가기
부산닷컴 회원가입. 회원 전환하면 부산일보 지면보기 무료이벤트
주요뉴스
해당 언론사에서 선정하며 언론사 페이지(아웃링크)로 이동해 볼 수 있습니다.
한 번 감염되면 '슈퍼 항체' 보유? 오미크론 유행 뒤 재감염률 급증
윤 ""청 들어가 편해지고 싶지만… 국민이 대통령 집무실 보는 게 견제""
유승준 ""평등 원칙 위반""… 영사관 ""취업 목적 비자 신청"" 반박
'대통령실 용산 이전' 김부겸 ""그렇게 결정할 수 밖에 없었을 것""
""백신 맞고 남편 숨졌다"" 신고했더니…""해열제 드세요"" 어이없는 회신
좋아요 0 훈훈해요 0 슬퍼요 0 화나요 0 후속기사 원해요 0
이 기사를 추천합니다
안내

부산일보 언론사홈 바로가기",https://n.news.naver.com/mnews/article/082/0001147350?sid=103
12,2018.12.16. 오후 01:35,"동국대 경주캠퍼스 대원스님, 유아교육과에 장학금 지급","대원스님과 이영경 동국대 경주캠퍼스 총장(왼쪽부터) 이 장학금 수여식에서 기념촬영을 하고있다. 동국대 경주캠퍼스 제공
정년퇴직을 앞두고 모든 제자들에게 장학금을 주고싶다는 뜻을 몸소 실천한 대학교수가 있어 주위를 훈훈하게 하고있다.

동국대 경주캠퍼스는 이 대학 유아교육과 성전대원장학금 수여식이 지난 6일 오전 교내 원효관 글로벌 에이스홀에서 열렸다고 7일 밝혔다.

성전대원장학회(이사장 대원스님)는 지난 2008년 동국대 유아교육과 교수 대원스님이 유아교육과 경쟁력 강화 및 미래 우수교사 양성을 위해 불자, 지인 등 40여명과 함께 뜻을 모아 출연한 장학회이다.

이날 대원 스님은 동국대 경주캠퍼스 유아교육과에 재학 중인 112명의 학생 전원에게 100만 원씩 총 1억 1200만 원의 장학금을 전달했다.

특히 장학금 수여식과 함께 유아교육과 재학생들이 후배들을 위해 십시일반 모은 장학기금 1120만원을 이영경 동국대 경주캠퍼스총장에게 전달하는 등 나눔과 감사의 의미를 더했다.

조현지 유아교육과 학생회장은 “대원스님께서 늘 행동으로 보여주셨던 보시행을 이제는 우리 제자들이 후배들에게 실천하고자 이 기금을 전달하게 됐다”고 말했다.

실시간 온라인으로 중계된 장학금 수여식에는 코로나19 방역 수칙을 준수한 가운데 대원 스님의 은사 스님이신 일하 큰스님과 각 기부자들, 이영경 동국대 경주캠퍼스총장을 비롯한 내빈들이 참석, 대원 스님의 아낌없이 베푸는 제자 사랑을 함께 축하하고 코로나19로 인해 힘든 상황에서도 학업에 매진하는 장학생들을 격려했다.

또 수여식에 참여하지 못한 유아교육과 학생들은 온라인을 통해 감사의 마음과 기쁨을 함께했다.

대원 스님은 지난 1990년 동국대 경주캠퍼스에 부임한 이후 31년간 유아교육과 경쟁력 강화 및 미래 우수교사 양성이라는 큰 목표를 세우고, 성전대원장학회와 엑셀런트장학회, 사범교육대학장학회를 설립, 지금까지 총 293명의 제자에게 3억2000여만 원의 장학금을 수여했다.

이영경 동국대 경주캠퍼스 총장은 “대원 스님께서는 학생들에게 지식뿐 아니라 보시행을 몸소 실천해 나누는 마음과 사람의 도리를 함께 알려주셨다”며 “8월 퇴임을 앞두고 학과 전 학생에게 장학금을 수여하며 회향하시는 대원 스님께 감사드리며, 영예로운 퇴임에 축하와 함께 아쉬운 마음을 전한다”고 말했다.

대원 스님은 “지난 31년간의 교직 생활을 되돌아보면 어려움과 곤란한 적도 있었다. 하지만 이러한 것들이 결국 삶을 앞으로 나아가게 하는 원동력이었다”며 “코로나19로 힘든 상황이지만 나는 여러분들이 누군가 삶의 무게로 힘들어할 때 스스로 등불을 밝혀 나와 남을 비출 수 있는 자존감 높은 삶을 살길 바란다. 여러분들의 모든 선행이 뜻대로 이뤄지길 바란다”고 격려했다.

조현지 유아교육과 학생회장은 감사 편지를 통해 “대원 스님에게서 자비와 나눔의 마음을 배울 수 있게 됐고, 교수님께서 베풀어 주신 장학금을 훗날 다시 베풀 수 있는 사람으로 거듭나겠다”며 “작은 것 하나도 나누고 서로 사랑하라는 교수님의 소중한 가르침에 따라 훌륭한 교사가 되겠다”고 다짐했다.

한편 동국대학교 경주캠퍼스 유아교육과는 2002년 대원 스님이 중심이 돼 불교의 자비 정신을 근간으로 미래 국가 동량을 육성하는 도덕적?창의적 글로벌 유치원 교사를

양성하기 위해 설립됐다. 정규 교육과정은 물론 동국대학교 부속유치원과 연계해 다양하고 내실 있는 비교과 프로그램 운영을 통해 유아교육 분야의 우수 교원양성기관으로 평가받고 있다.

경주=이영균 기자 lyg0203@segye.com



ⓒ 세상을 보는 눈, 세계일보
이영균
기자 프로필
구독
이영균 기자
구독자 745
응원수 0
안녕하십니까? 세계일보 포항, 경주, 영덕, 울진, 울릉도를 책임지고 있는 이영균 기자입니다. 넓게, 깊게, 시원하게 팩트를 과감없이 전하는 기자이고 싶습니다.
[단독] '밤에 따로 만나자' 수차례 문자… 포항 간부경찰 2명, 여순경 스토킹 논란
‘포스코 사내 성폭력’ 4명 중징계… 대책위 “해결 의지 보여라”


Copyright ⓒ 세계일보. All rights reserved. 무단 전재 및 재배포 금지.
이 기사는 언론사에서 사회 섹션으로 분류했습니다.
구독
메인에서 바로 보는 언론사 편집 뉴스 지금 바로 구독해보세요!
주요뉴스
해당 언론사에서 선정하며 언론사 페이지(아웃링크)로 이동해 볼 수 있습니다.
'과식도 안 했는데 더부룩하네~'… '복부 팽만' 꼭 체크하세요
'여성 팬과 성관계 후 불법 촬영' 가수 겸 작곡가 더필름, 추가 입건
""민망한 소리에 잠 설쳐…벽에서 침대 떼라"" 메모에 이웃집 부부가 한 행동
수애 ""父, 딸 앞길 막을까 직업 숨겼다""
""남친 친구에 강간 당해"" 20대 여성 '거짓 미투'로 집행유예
좋아요 0 훈훈해요 0 슬퍼요 0 화나요 0 후속기사 원해요 0
이 기사를 추천합니다
안내

세계일보 언론사홈 바로가기",https://n.news.naver.com/mnews/article/022/0003569263?sid=102
